{"ax": 378.36326530612246, "ay": 176.02857142857144, "az": -9207.755102040815}