{"ax": 1895.6326530612246, "ay": 1373.591836734694, "az": -9076.387755102041}