{"ax": 389.7173913043478, "ay": -951.2608695652174, "az": -9218.717391304348}